Rating,Reviews
4.7,87510
4.7,121
4.7,3632
4.7,7699
4.7,118
4.8,192
4.7,20260
4.7,353
4.7,8145
4.7,158
4.7,174531
4.9,10479
4.9,7774
4.9,6090
4.8,116986
4.8,736
4.8,7021
4.9,197136
4.7,18900
4.9,49790
4.7,1150
4.7,964
4.7,42050
4.8,104
4.7,257
4.6,2914724
4.2,814080
4.8,116507
3.9,1433233
4.7,967
4.8,47303
4.7,19080
4.7,21336
4.9,2739
4.3,674730
4.4,1254730
4.3,1002861
4.8,148945
4.0,1279184
4.7,4162
4.7,286897
4.7,11442
4.8,10295
4.7,286897
4.7,11442
4.8,10295
4.3,1002859
4.5,1013635
4.7,57106
4.7,2249
4.8,516
4.7,73
4.7,1677
5.0,15
4.7,3596
4.0,56642847
4.4,69119316
4.3,9642995
4.4,1429035
4.3,4604324
4.0,3419249
4.3,11334799
4.4,3075028
4.3,4187998
4.3,659395
4.3,4785892
4.5,5149854
4.4,2473509
4.4,615381
4.3,2451083
4.2,5387333
4.4,3648120
4.2,781810
4.4,3128250
4.6,2083237
4.5,17712922
4.4,69119316
4.0,56646578
4.3,4785988
4.3,11334973
4.0,3419433
4.2,594728
4.2,5387446
4.1,10484169
4.4,3128509
4.3,2451093
4.4,2876500
4.2,781810
4.2,10790289
4.3,12842860
4.3,2546527
4.3,9643041
4.4,3075118
4.6,2264916
4.4,2473693
4.5,5150471
4.5,2511130
4.4,3648480
4.5,17714850
4.3,1133501
4.3,11334973
4.8,237468
4.5,7820209
4.3,4604483
4.3,4188142
4.6,837842
4.0,3419513
4.3,4785988
4.2,594728
4.3,11335255
4.1,10484169
4.2,5387446
4.2,10790289
4.3,2546527
4.8,125
4.7,6
4.8,110
5.0,5
4.8,84
5.0,2
4.8,20
4.9,776
4.7,14
5.0,5
4.7,18
5.0,6
5.0,5
5.0,3
4.7,6
4.8,125
4.7,791
4.8,110
4.8,5323
4.7,478
4.7,158
4.7,6289924
4.7,2544
4.7,314299
4.7,32346
4.8,4075
4.9,133136
4.7,9888
4.7,254519
4.7,1107903
4.7,52743
4.7,61749
4.7,19277
4.7,6290507
4.7,1107884
4.7,142632
4.7,6290507
4.7,1107903
4.7,314300
4.7,6290507
4.7,1107948
4.8,256079
4.9,11
4.7,21
4.7,31085
4.7,3528
4.4,5456208
4.3,7165362
4.3,4885646
3.7,1828284
4.5,684116
4.2,702975
4.7,11661
4.5,653008
4.6,2133296
4.2,613059
4.3,1633682
4.5,653008
4.4,5456208
4.4,5456599
4.5,736864
4.4,5456708
4.5,653008
4.5,787177
4.9,69
4.7,30
5.0,4
5.0,16
4.8,12
5.0,1
4.8,28
4.2,957973
4.7,130582
4.7,167168
4.7,706301
4.3,659741
4.5,1336246
4.8,12304
4.7,1311
4.7,706302
4.7,7514
4.3,659760
4.7,3290
4.6,1374549
4.7,2707
4.7,129737
4.7,611136
4.7,6118
4.7,3803
4.7,1032935
4.8,1250
4.7,14065
4.7,1032935
4.7,51517
4.8,428156
4.9,38098
4.8,31139
4.9,272337
4.8,220125
4.7,117925
4.8,48276
4.8,471036
4.8,12705
4.8,51227
4.5,827597
4.7,2071
4.7,50294
4.4,708674
4.6,1873516
4.7,77777
4.7,14810
4.9,66791
4.4,708710
4.5,827651
4.9,28945
4.8,19543
4.7,11689
4.8,4559407
4.8,570242
4.6,1873523
4.4,708710
4.7,15674
4.6,1873520
4.4,708753
4.5,827653
4.6,1873520
4.6,1873523
4.7,16570
4.8,31665
4.7,11689
4.8,3167
4.7,114
4.7,126
4.7,48
5.0,26
4.7,831
4.7,2639
4.6,815893
4.4,726074
4.7,2225
4.7,20304
4.7,20304
4.8,28588
4.5,4447388
4.5,27722264
4.4,22426677
4.7,254258
4.4,5234162
4.6,23133508
4.3,8118609
4.3,10485308
4.2,1497361
4.4,2610526
4.4,4066989
4.5,3778921
4.4,6198563
4.6,44891723
4.3,1000417
4.2,685981
4.5,14198297
4.5,592068
4.7,1732263
4.7,295241
4.5,1135631
4.4,5566669
4.3,1295557
4.6,2157930
4.4,4920817
4.3,1300490
4.4,8923587
4.6,4128732
4.7,990491
4.5,10216538
4.4,7614130
4.6,760628
4.5,9881829
4.4,2123381
4.6,7671249
4.5,27723193
4.5,4447346
4.3,10485334
4.5,14198602
4.6,44891723
4.4,22428456
4.4,4066980
4.5,3197865
4.7,1351068
4.6,5418675
4.5,9881908
4.7,1889250
4.8,230710
4.7,295305
4.4,6198880
4.6,2157930
4.5,5465624
4.7,1534466
4.6,23134775
4.5,14891223
4.6,7672495
4.5,1137271
4.4,2610622
4.7,990586
4.3,8118937
4.4,4921122
4.5,655067
4.4,7614271
4.4,5234825
4.5,1385093
4.6,2698348
4.7,1125017
4.6,9882639
4.4,5566805
4.5,5387639
4.6,2750410
4.3,1295606
4.5,946926
4.5,4448791
4.2,1498648
4.5,27724094
4.4,22428456
4.7,1351089
4.5,1137267
4.5,14200344
4.6,7672495
4.4,5234810
4.5,6074334
4.3,8118937
4.3,1000417
4.5,592282
4.7,1535084
4.7,8118880
4.1,10424925
4.8,230727
4.7,21262
4.7,141529
4.3,2251012
4.5,946926
4.7,7196
4.5,6427773
4.4,3715656
4.3,1841061
4.6,4578476
4.2,1499373
4.4,3714270
4.8,230727
4.5,2311785
4.4,1107310
4.6,3093358
4.7,358817
4.2,1343866
4.8,549720
4.7,59017
4.9,21119
4.5,4449882
4.4,22429716
4.6,3883589
4.5,14200550
4.6,2719142
4.4,1107197
4.4,3716278
4.3,931595
4.6,1480189
4.3,2468063
4.6,807338
4.7,584126
4.3,2045554
4.6,745684
4.7,416540
4.7,59017
4.4,3057481
4.4,22430188
4.5,4449910
4.5,14201891
4.5,27725352
4.4,6199095
4.7,1351771
4.7,1889582
4.6,23136735
4.6,44893888
4.4,7614415
4.4,4067651
4.7,295576
4.3,10486018
4.3,8119151
4.3,1295625
4.6,3093932
4.8,230849
4.5,9883367
4.4,5235294
4.5,3198176
4.5,10055521
4.6,4129665
4.6,2158580
4.6,5419676
4.7,990723
4.5,592504
4.5,1138239
4.6,9883806
4.4,5566889
4.6,2698882
4.7,1535973
4.5,14892469
4.4,8923818
4.6,7674252
4.7,1125438
4.5,655145
4.4,4921451
4.5,5476569
4.3,1083571
4.5,27725352
4.2,1500999
4.5,4230886
4.3,8119154
4.4,5235294
4.7,1535973
4.6,2698889
4.7,990663
4.6,7674252
4.4,2119218
4.6,1327265
4.3,1003269
4.5,1242855
4.6,10979062
4.3,955656
4.5,1468591
4.7,725897
4.7,1559650
4.7,292164
4.4,1381820
4.2,3816799
4.5,5476569
4.7,37139
4.1,753043
4.6,3073251
4.3,2151039
4.4,22430188
4.4,4067651
4.2,1500622
4.5,14201604
4.7,154264
4.5,1125438
4.5,5387781
4.4,8923847
4.6,1327269
4.3,1295625
4.7,990796
4.7,171448
4.4,2610680
4.3,1300619
4.4,2123793
4.5,6074627
4.4,5566908
4.6,1480182
4.6,2750645
4.4,2119235
4.6,811040
4.7,1536349
4.5,592504
4.7,1125566
4.6,5419676
4.4,4638163
4.4,4921409
4.5,1468638
4.4,7614407
4.7,48615
4.5,4449910
4.7,12948
4.7,48615
4.5,1014822
4.8,269194
4.5,10216997
4.7,6294400
4.8,12137
4.5,4450855
4.5,10216997
4.7,48701
4.1,673203
4.7,8508
4.3,1329192
4.5,1014846
4.4,623398
4.3,1574197
4.7,6188
4.7,9856
4.7,31100
4.8,61
4.7,30
4.8,97
4.8,4
4.7,185
4.7,2195
4.5,4450890
4.7,6294397
4.3,1574204
4.4,623398
4.5,2376564
4.8,216
5.0,3
5.0,2
4.7,25
4.8,12
4.7,11
4.8,59158
4.8,102858
4.8,78825
4.7,18674
4.8,53743
4.7,156410
4.7,23160
4.7,8348
4.7,6185
4.7,87418
4.8,69126
4.7,26862
4.9,100082
4.7,9945
4.7,4318
4.8,3052
4.7,73
4.8,216
4.8,12
5.0,3
5.0,1
5.0,3
5.0,4
5.0,2
5.0,4
5.0,2
5.0,3
5.0,2
5.0,1
4.9,28
5.0,1
4.9,14
5.0,1
5.0,2
4.7,87418
4.8,53747
4.7,10
5.0,3
5.0,2
4.7,623
5.0,6
4.7,6
5.0,1
4.7,23160
4.1,78158306
4.5,66577313
4.3,8606259
4.4,2955326
4.0,17014787
4.6,4305441
4.2,4831125
4.8,1259075
4.2,1225339
4.3,3781770
4.3,3806669
4.2,1259849
4.3,1157004
4.4,2955325
4.0,17014705
4.5,66577446
4.0,17015352
4.5,66577313
4.6,4305441
4.3,1064049
4.5,637309
4.2,1259894
4.3,1157003
4.2,1225367
4.4,1520959
4.3,3806669
4.3,3781770
4.2,1175794
4.2,1259894
4.0,852455
4.4,900064
4.4,695613
4.2,1175815
4.2,1259894
4.0,852455
4.3,1064076
4.3,3781770
4.4,900064
4.4,624557
4.5,6210998
4.6,591312
4.2,608753
4.6,5916606
4.4,2788923
4.5,973270
4.3,909226
4.2,1573054
4.2,857923
4.7,1084945
4.4,662287
4.7,3860225
4.3,1315242
4.4,6012719
4.5,6211039
4.6,1370749
4.7,67071
4.7,57920
4.6,1370749
4.4,2788923
4.7,57920
4.5,6211039
4.6,5916569
4.3,909204
4.7,181798
4.4,2788923
4.6,1370749
4.4,2788923
4.6,5917485
4.5,6212081
4.7,181823
4.8,109500
4.7,1320
4.7,50424
4.5,10858556
4.7,142634
4.7,259450
4.2,914804
4.4,5282578
4.3,654419
4.7,31985
4.6,3337956
4.4,3158047
4.7,233039
4.6,1159058
4.5,1579287
4.5,10858538
4.6,847159
4.3,654418
4.4,5282558
4.4,3157936
4.4,2418135
4.5,1579287
4.3,1517369
4.3,811693
4.4,3368649
4.3,4865093
4.5,10859051
4.6,847159
4.3,1871416
4.4,635846
4.4,2418135
4.3,6120977
4.4,3368646
4.4,753115
4.3,4865107
4.4,852649
4.4,1494491
4.6,819774
4.3,1871421
4.6,3337952
4.6,714340
4.6,1451000
4.4,1490732
4.7,2163282
4.4,1163232
4.3,751766
4.4,2418158
4.2,914917
4.4,3158151
4.5,7594559
4.2,1028637
4.3,811714
4.4,1075277
4.6,7529865
4.4,3368705
4.5,1579343
4.5,597068
4.5,823109
4.3,4865132
4.4,3158151
4.7,911995
4.7,410384
4.7,25172
4.7,950
4.8,1664
4.8,1660
4.7,410395
4.6,666521
4.5,838765
4.5,1605267
4.7,1830388
4.4,1162837
4.3,9235155
4.7,192641
4.3,2338655
4.6,751551
4.2,2129689
4.4,1162838
4.8,17882
4.5,768833
4.8,43054
4.7,1830387
4.7,620534
4.3,599872
4.4,1162837
4.7,1830388
4.4,1162837
4.3,9235373
4.7,9971
4.2,2129707
4.4,8033493
4.4,5745093
4.5,12759663
4.6,739329
4.6,7790693
4.2,1859115
4.4,1280423
4.5,876866
4.4,4254879
4.7,115409
4.3,618918
4.7,1335799
4.6,679912
4.7,152692
4.8,48211
4.2,1116393
4.5,801054
4.2,1859109
4.4,1107320
4.5,4594198
4.4,1028794
4.6,3090727
4.4,745245
4.4,4934130
4.6,1121805
4.6,6466641
4.7,139258
4.6,6702776
4.7,1141545
4.7,29485
4.7,114851
4.7,202474
4.5,5783441
4.6,649568
4.7,6342
4.5,1237135
4.5,3277209
4.7,229
4.7,273994
4.8,440
4.7,12089
4.6,6466641
4.3,595120
4.4,733838
4.6,6466641
4.6,2390185
4.6,1121805
4.5,624924
4.3,647844
4.4,2591941
4.5,2084126
4.7,536926
4.3,3016297
4.4,1188154
4.4,2731171
4.3,3252896
4.5,1079491
4.4,1038306
4.7,287250
4.4,691474
4.6,5383985
4.4,1861310
4.2,858208
4.3,815981
4.7,19302
4.6,1488396
4.1,1092367
4.5,618798
4.3,1498393
4.5,2764964
4.7,17955
4.4,691474
4.6,1488396
4.6,5383971
4.3,609182
4.5,2084125
4.4,2731211
4.3,3016305
4.5,1079616
4.3,815974
4.5,618796
4.5,1508137
4.2,858227
4.6,2401017
4.4,691474
4.6,1488397
4.2,858230
4.4,2731211
4.4,1038303
4.4,1861309
4.7,39
4.7,107
4.7,34336
4.8,190
4.9,717
4.8,7505
4.7,69
4.8,6668
4.8,1940
4.7,247
4.4,1558437
4.8,159455
4.4,2053404
4.8,892
4.5,981995
4.7,11118
4.4,1312037
4.5,1422858
4.8,17493
4.3,25655305
4.8,259003
4.4,1032076
4.7,53006
4.3,1615596
3.7,906384
4.6,921868
4.5,714665
4.5,6474426
4.5,6474672
4.3,948198
4.6,697212
3.9,877635
4.7,175110
4.3,11667403
4.7,2543
4.4,1284017
3.9,877635
4.4,1284017
4.7,247992
4.3,11667403
3.9,877643
4.4,1284018
4.6,7232629
4.2,4928420
4.4,1421884
4.7,162049
4.8,15865
4.7,38375
4.4,617477
4.0,17000166
4.2,886418
4.3,1805398
4.3,10483141
4.2,3815614
4.4,5565856
4.1,1728557
4.8,39480
4.5,14885236
4.4,5453997
4.2,1092337
4.3,3014548
4.5,27711703
3.7,1221896
4.4,1852384
4.1,672089
4.8,3053
4.4,69109672
4.3,960726
4.1,1703479
4.4,5741684
4.1,10421284
4.5,66509917
4.5,9876369
4.5,8389714
4.2,685450
4.4,867920
4.5,787107
4.3,798522
4.5,1013465
4.5,1117212
4.3,908525
4.3,25623548
4.3,1295293
4.9,46253
4.5,2078744
4.4,4918776
4.7,2440695
4.1,78128208
4.4,5637451
4.4,5276983
4.4,2349421
4.5,944661
4.5,14184910
4.5,799206
5.0,2
4.4,3039889
4.3,1305050
4.5,4487182
4.5,17712922
4.5,6071542
4.2,828489
4.5,10053186
4.6,815280
4.8,253
4.6,44881447
4.6,23125280
4.4,1397944
4.7,2890
4.4,22419455
4.3,9642112
4.5,901110
4.7,88
4.8,557
4.7,2387
4.7,42916526
4.7,707
4.4,8921451
4.8,55
4.7,27
4.8,306
4.8,138
4.6,6459626
4.2,1971777
4.5,1736105
4.5,10214862
4.3,5091448
4.8,2588730
4.6,2083237
4.5,4229977
4.3,8116142
4.2,640974
4.4,3058687
4.5,4972230
4.6,1591129
4.4,1860844
4.5,1013867
4.5,762706
4.6,7657490
4.5,2586261
4.1,1076243
4.4,4064868
4.6,9873470
4.5,4147718
4.3,1168959
4.3,4000433
4.4,2788460
4.6,5378795
4.8,1506783
4.4,3075096
4.5,736824
4.7,564759
4.4,951413
4.2,814151
4.6,1488289
4.3,3249518
4.6,4300936
4.3,4604324
4.3,9231613
4.6,5911055
4.4,6003590
4.5,6200739
4.0,56642847
4.3,8595964
4.4,1429038
4.6,894435
4.3,3213548
4.3,11657972
4.9,73
4.2,10790092
4.3,659395
4.2,1671658
4.6,759838
4.2,4828372
4.4,3697174
4.5,4830407
4.2,1855262
4.5,1128805
4.4,8021623
4.2,857215
4.0,3419464
4.3,989344
4.4,2728941
4.2,1485806
4.5,6181640
4.9,145
4.3,1633565
4.2,1752017
4.3,4785892
4.2,594720
4.4,5231553
4.4,1372013
4.7,403911
4.2,1175188
4.1,10484169
4.5,3777822
4.7,896118
4.7,989158
4.3,1838090
4.4,4637439
4.1,705805
4.4,2122705
4.3,1329008
4.7,36
4.7,17
4.7,98
4.9,934
4.3,2451136
4.6,1656808
4.3,1017408
4.8,1955
4.8,19047
4.8,16
4.5,712737
4.7,21
4.3,2546549
4.9,55
4.8,39
4.8,17
4.7,703
4.6,2694969
4.5,972256
4.3,696019
4.5,2308916
4.1,1111915
4.9,5677
4.2,1185148
4.3,1827212
4.5,2375336
4.4,953894
4.4,758780
4.9,198
4.5,6469179
4.8,133180
4.8,133
4.7,8600
4.7,6187
4.5,5150801
4.4,2473795
4.5,7590099
5.0,4
4.6,3062845
5.0,1
4.8,24
4.8,18
4.7,143
4.4,591411
4.8,4
4.4,697939
4.7,460
4.5,4443407
5.0,4
4.8,17
4.8,51068
4.7,144
4.7,25
4.6,7775146
4.6,16771865
4.4,972574
4.3,1503544
4.8,14
4.4,2953886
4.0,2789775
4.7,174827
4.6,2133047
4.4,3128611
4.5,7820775
4.7,963
4.8,48
4.4,3648765
4.2,4921866
4.7,573
4.8,10249
4.3,11335481
4.4,1031045
4.5,984451
4.3,1615418
4.6,9879473
4.8,3283
4.6,4016834
4.7,594
4.7,1997
4.7,127
4.7,1667
4.2,5387631
4.8,51
4.6,2915189
4.6,7231017
4.5,1507205
4.3,1704112
4.5,1013944
4.4,2371543
4.8,492
4.7,65
4.6,1130966
4.5,637254
4.4,1162331
4.2,1092106
4.4,1279109
4.7,5754
4.7,801
4.7,58366
4.8,1216
4.7,149
4.7,32613
4.7,8642
4.5,1235841
4.4,1131937
4.2,721646
4.8,1499466
4.3,4188345
4.5,5180480
4.4,2591610
4.5,7464996
4.2,853495
4.7,96028
4.4,695576
4.4,1075016
4.1,650114
4.8,201
4.8,1721
4.9,272172
4.7,55571
4.7,227401
4.5,596628
4.8,69279
4.6,3881752
4.8,3908
4.4,2610328
4.5,2634605
4.2,829753
4.8,5103
4.8,527
4.2,3846378
4.3,1218055
4.8,793
4.7,21
4.8,18604
4.7,147
4.8,130
4.8,5639
4.6,2265084
4.7,8696
4.7,10672
4.9,37302
5.0,2
4.7,263
4.7,120
4.7,557
4.7,210
4.7,51
4.7,13
4.4,626366
5.0,7
4.8,46
4.6,1450632
4.4,4931562
4.7,68
4.7,3
5.0,3
5.0,30
5.0,6
5.0,1
5.0,3
5.0,5
5.0,43
4.7,1891
4.7,3873
5.0,44
5.0,12
5.0,2
4.8,18
5.0,9
5.0,1
5.0,2
4.8,48
4.8,5
5.0,2
5.0,4
5.0,1
4.8,21
4.3,807226
4.2,1343106
4.9,23
4.7,19
4.8,57400
4.8,445756
4.7,2319
4.7,7878
4.8,6696
4.7,173394
4.7,13620
4.8,29551
4.7,47463
4.7,1340
4.7,55011
4.7,7116
4.7,759
4.7,497826
4.7,1777
4.7,1201
4.7,1133393
4.7,327
4.2,636228
4.3,931503
4.5,1333338
4.4,899748
4.5,10847682
4.7,2570
4.9,25
4.7,19209
4.6,666246
4.4,1721943
4.4,8219586
4.2,690148
4.8,221722
4.6,652940
4.4,1381624
4.7,394842
4.2,1008012
4.3,598975
5.0,3
4.7,11018
4.7,3
4.7,3
4.7,55
4.8,21
4.7,7
5.0,1
5.0,1
4.7,7
4.7,57
5.0,4
5.0,25
5.0,1
4.4,2052407
4.4,616742
4.2,720685
4.7,84389
4.7,580160
4.6,1226514
4.3,1017237
4.6,807155
4.5,870928
4.4,889425
4.5,1041836
4.7,4041
4.7,27856
4.8,5369
4.7,48
4.7,57
5.0,2
4.5,6207063
4.4,1275373
4.8,258277
4.6,1170641
4.7,2598579
4.3,955614
4.5,648380
4.8,4
5.0,5
4.7,114
4.4,1604146
4.8,6
5.0,1
4.7,54
5.0,8
4.8,53
5.0,7
4.7,9
5.0,2
4.8,111
5.0,41
4.3,7168735
4.3,647721
4.6,751911
4.7,70
4.8,12
4.8,13
4.7,65
5.0,2
4.7,303
4.8,23
4.9,285
4.8,1491
4.4,3452530
4.7,1424
5.0,5
4.8,4
4.7,113
4.7,8343
5.0,4
4.8,17
4.7,289
4.8,123
4.8,93
4.9,49
5.0,2
4.7,12
5.0,2
5.0,15
4.8,6
4.9,13
4.9,8418
4.4,3156484
5.0,20
4.8,787
4.4,3451011
4.2,618562
4.7,1535581
4.5,634159
4.8,4
4.7,22
4.8,16
5.0,5
4.9,16
4.8,111
4.8,89
5.0,3
4.8,10
4.6,2390099
4.7,3049
4.7,167406
4.7,8114
4.8,27
5.0,2
5.0,2
4.8,12
5.0,22
4.6,2312084
4.9,23
5.0,3
5.0,2
4.9,7
4.7,45
4.3,1118201
4.6,899010
4.2,1259723
4.2,1042170
4.7,155694
4.8,38
4.7,325
5.0,3
4.7,55
5.0,3
4.7,2066
4.8,33
5.0,1
5.0,13
5.0,6
3.8,5793284
5.0,19
4.7,39
4.7,549
4.7,29
4.9,301
4.8,160
5.0,8
4.8,100
5.0,10
5.0,4
4.8,33783
4.8,4
4.7,6073
5.0,21
4.9,124
4.7,21
4.3,12843436
4.7,51543
4.9,13
4.9,83
4.9,659
5.0,6
4.8,6
4.9,42
5.0,3
5.0,1
4.9,59
4.7,163
4.7,19090
4.7,146
4.3,3781467
4.5,5591653
4.4,1432447
4.3,1167143
4.7,10
4.5,776730
4.6,819694
4.6,4451317
4.5,1243017
4.7,8347
5.0,6
5.0,3
5.0,1
4.7,191
5.0,2
4.8,18
4.8,5865
4.7,413
4.9,29
4.7,2068
4.9,1288
4.8,1902
5.0,7
4.8,1304467
4.5,947515
5.0,15
5.0,1
4.8,8
4.5,641219
4.7,12
5.0,2
4.9,26
4.7,1363
4.8,16
5.0,3
5.0,7
4.8,10
5.0,100
4.7,38
5.0,23
4.3,1004709
4.8,238
4.7,119
4.3,2838064
5.0,3
5.0,3
5.0,8
5.0,2
4.7,19784
4.8,265
4.7,705
4.8,41
4.7,3
4.7,3
5.0,4
4.8,11
4.7,396
4.7,20535
4.7,513
4.7,142308
4.7,412744
4.7,12784
4.7,24557
4.9,55723
4.4,1490722
4.8,22290
4.7,34279
4.7,183343
4.7,8264
4.7,62561
4.7,41625
5.0,2
4.8,726
4.7,7
4.8,4
4.8,74
5.0,12
4.5,838738
5.0,1
4.8,6
5.0,13
5.0,5
4.7,11
4.7,26
5.0,7
5.0,1
5.0,5
5.0,5
5.0,10
5.0,8
5.0,3
5.0,1
5.0,22
4.8,65
4.4,885187
4.7,658087
5.0,4
5.0,5
5.0,7
5.0,2
4.6,1432809
5.0,4
4.7,6
4.7,12
4.7,15
5.0,1
4.7,10
5.0,2
5.0,7
5.0,8
4.7,6
4.7,213
4.9,88
4.7,54
4.9,66
4.7,17861
4.7,1647
4.7,1947
4.7,4928
4.8,35
4.8,60
5.0,4
5.0,1
4.7,19
4.8,4
5.0,11
4.5,4218587
5.0,15
5.0,7
4.7,3
5.0,5
5.0,5
5.0,6
5.0,3
5.0,1
4.7,706618
4.7,221
4.7,244
5.0,8
4.7,10
5.0,1
5.0,7
5.0,3
4.7,20001
4.6,4578890
5.0,47
5.0,24
4.2,2233681
5.0,36
4.7,19
5.0,2
5.0,3
4.7,6
4.7,24900999
4.6,6700847
4.7,23802
4.6,3090680
4.6,2246379
4.5,8190074
4.7,85079
4.4,953790
4.7,1500
4.7,1873
4.7,76
4.6,847144
4.8,52
4.7,21979
4.3,920571
4.7,39153
5.0,1
4.9,206
4.7,8038
4.7,65
4.7,12
4.7,92958
5.0,4
5.0,4
5.0,5
4.8,34443
4.8,124
4.8,36557
5.0,2
4.7,28237
4.7,55
4.7,499
5.0,17
5.0,8
4.7,92010
5.0,7
5.0,6
4.6,1502622
4.8,33
4.8,16
5.0,43
4.7,160
4.7,6
5.0,3
5.0,5
4.7,315
5.0,6
4.8,8191
5.0,4
5.0,1
4.8,12
4.7,6208
4.7,2374
4.7,3661
4.8,495
4.6,10981850
4.8,6
4.8,10
4.8,341
5.0,12
5.0,1
4.7,175
4.7,42
5.0,103
5.0,3
4.8,171
4.4,2418165
4.7,16851
4.8,17
4.7,439
4.7,541732
4.7,39
4.9,57
5.0,3
5.0,2
5.0,2
4.7,3
5.0,2
4.9,7
5.0,2
4.8,12400
4.8,528550
4.7,142758
4.6,2674051
4.7,136540
4.2,794058
4.7,88993
5.0,5
5.0,5
4.8,21
4.4,2440877
4.9,117
5.0,34
4.3,2468915
4.6,2354042
5.0,22
4.7,78
5.0,3
5.0,1
4.3,1517395
4.5,785622
4.2,951435
4.7,198480
4.7,3408
5.0,8
5.0,1
4.9,17
4.7,10318
5.0,1
4.8,6
5.0,4
5.0,1
5.0,3
4.7,407589
4.4,3941129
5.0,1
5.0,6
4.7,417197
4.7,466495
4.7,6297590
4.8,39068
4.2,3909032
4.3,1648515
4.7,55952
4.4,928720
4.2,609186
4.3,771001
4.5,617732
4.8,332623
4.7,696665
4.4,860078
5.0,2
4.8,5
4.8,65
4.7,6505
4.3,1072565
5.0,2
4.7,59632
4.9,18
4.7,51
5.0,3
5.0,3
5.0,20
5.0,1
5.0,12
4.7,4856
4.7,2910
4.7,456474
4.3,815974
4.7,253155
4.4,691474
4.7,7566
4.6,2401017
4.7,1115
4.7,10786
4.7,25
4.7,38
4.7,19
4.8,38
4.9,707
4.5,1094094
4.5,594406
4.7,429
4.9,15
4.6,877576
4.8,5
4.8,4
5.0,3
4.5,1312936
5.0,1
5.0,18
4.4,783025
4.7,4328
5.0,1
4.7,24985
4.5,12759815
4.5,13479633
4.3,1133539
4.7,14051
4.7,4595
4.8,3390
4.7,101163
4.6,1048766
4.7,1251479
5.0,1
4.8,11
5.0,5
4.9,9
4.9,38
4.7,11
4.8,18298
5.0,6
4.7,10
5.0,9
5.0,13
4.7,416
5.0,7
4.8,6
5.0,4
5.0,6
4.9,37
5.0,8
4.7,2807
4.7,642
4.7,57
5.0,8
4.7,125
4.9,26
4.5,2371338
4.4,1690802
4.4,3344300
4.5,1455952
4.3,636995
4.5,1461698
4.1,820577
4.3,2903386
5.0,1
4.8,6
5.0,9
5.0,3
4.7,1730
5.0,1
4.7,62
5.0,6
5.0,5
5.0,1
4.9,8
5.0,3
4.8,5
4.7,23
5.0,5
5.0,7
5.0,2
5.0,8
4.8,17
5.0,4
4.7,19
4.8,311
4.7,6547
4.7,24278
4.7,3776
5.0,3
4.4,1309728
4.7,14773
4.8,8369
5.0,4
5.0,4
5.0,2
4.7,15
4.9,34
5.0,10
4.4,764967
5.0,1
4.7,143
4.8,3136
4.7,316
5.0,90
5.0,3
4.8,725
4.9,107
4.3,697805
5.0,18
4.9,122
4.9,82
4.9,19
5.0,10
5.0,2
4.9,42
5.0,43
5.0,2
4.7,3
4.9,11
5.0,4
5.0,4
5.0,5
4.8,36968
4.8,526595
4.7,56197
4.7,244797
4.6,1123190
4.4,1986068
4.5,910051
4.6,750321
4.3,711719
4.9,922752
4.7,61600
4.5,1375988
4.7,416
5.0,1
4.7,188740
4.3,1574546
4.3,1842381
5.0,2
4.9,18
5.0,3
4.7,14
4.7,54
5.0,3
4.7,7
4.7,81614
4.7,5867
5.0,19
5.0,1
4.7,10
4.4,669901
4.7,7252
5.0,3
4.8,337532
4.7,273
4.9,58
4.5,932870
4.8,3782
4.3,2339098
4.6,1371082
4.5,1536512
3.9,878065
4.7,1719
4.2,1260143
4.8,1264084
4.7,193364
4.2,1260903
4.7,68
5.0,10
5.0,5
4.7,78
4.7,4501
4.8,432160
4.9,85
3.9,903392
4.9,3071
4.7,900
4.7,15
4.7,87
4.9,7
4.7,37
4.7,32
4.7,13
4.7,1327
4.7,3696
5.0,7
4.4,7615646
4.6,2721923
4.0,1279800
4.7,37090
4.7,37
4.7,5229
4.8,160
4.3,758590
4.9,15883
4.9,195
4.8,3346
5.0,4
4.8,1697
4.7,2317
4.9,10
4.7,175
5.0,2
4.8,12
5.0,104
4.7,42
4.9,15
4.8,24
5.0,19
4.5,5534114
5.0,2
5.0,2
5.0,141
4.9,55
4.8,6
4.2,839206
4.8,1228
4.0,995002
4.8,10
5.0,5
4.9,27
5.0,4
4.4,687136
4.8,615
4.7,15
4.7,32
4.0,660613
4.9,1420
5.0,1
4.8,12700
4.9,1211
4.9,119
5.0,36
4.8,1456
4.7,246
4.7,10
4.7,40
4.9,36
5.0,10
4.7,1566
5.0,33
5.0,14
5.0,3
4.7,178
5.0,5
4.4,1351833
4.8,4
4.8,12
5.0,4
5.0,14
5.0,5
5.0,2
4.5,1519671
5.0,14
5.0,32
4.8,8
5.0,1
4.3,834117
4.7,61445
4.7,2036
4.9,52
4.7,376223
4.8,19
5.0,22
4.8,44
5.0,4
